Workbook

Sheet 说明
A1: 【公益机构 · 票据台账模板 v1.2】
A3: 本模板配套《公益财会助手》skill · 路径A（手工整理 SOP）或 路径B（AI辅助）使用。
A5: 【使用方法】
A6: 1. 每月复制一份本文件，改名为 票据台账_YYYY-MM.xlsx
A7: 2. 在「总台账」Sheet 逐行录入本月票据
A8: 3. 「分类汇总」「月度统计」「需复核清单」会根据总台账自动更新
A9: 4. 完成后在「统计信息」Sheet 核对合计数是否与银行流水一致
A10: 5. 打印「总台账」供三级签字
A12: 【铁律】
A13: · 每张票都要填「复核状态」列：未复核 / 已复核 / 已归档
A14: · 仅「已复核」或「已归档」的票据可进入会计系统入账
A15: · 金额 > 3000 元的行会自动标红提醒
... A31: 【版本】v1.2 · 2026-04 · 配套公益财会助手 skill v1.2

Sheet 总台账
A1: 编号 | B1: 日期 | C1: 类别 | D1: 销方/捐赠人 | E1: 金额(元) | F1: 支付方式 | G1: 用途 | H1: 对应项目 | I1: 复核状态 | J1: 备注
A2: 2026-04-差旅-001 | B2: 2026-04-03 | C2: 差旅-飞机 | D2: 测试航空 | E2: 1340 | F2: 对公转账 | G2: 项目启动会议 上海-广州 | H2: 儿童关爱-2026 | I2: 已复核 | J2: 附出差审批单
A3: 2026-04-餐饮-001 | B3: 2026-04-05 | C3: 餐饮 | D3: 测试老乡鸡餐饮 | E3: 2143.75 | F3: 对公转账 | G3: 项目启动会议餐饮 12人 | H3: 儿童关爱-2026 | I3: 未复核 | J3: 附议程+参会名单
A4: 2026-04-捐赠-001 | B4: 2026-04-10 | C4: 捐赠票据 | D4: 张XX（个人捐赠人） | E4: 5000 | F4: 微信 | G4: 项目定向捐赠 | H4: 儿童关爱-2026 | I4: 未复核 | J4: 粤捐字 001 号
A502: 合计 | E502: =SUMIF(I2:I500,"已复核",E2:E500)+SUMIF(I2:I500,"已归档",E2:E500) | F502: （仅统计已复核/已归档行，未复核不计入）

Sheet 分类汇总
A1: 类别 | B1: 张数 | C1: 金额合计(元)
A2: 增值税-专票 | B2: =COUNTIF(总台账!C2:C500,A2) | C2: =SUMIF(总台账!C2:C500,A2,总台账!E2:E500)
A3: 增值税-普票 | B3: =COUNTIF(总台账!C2:C500,A3) | C3: =SUMIF(总台账!C2:C500,A3,总台账!E2:E500)
A4: 电子发票 | B4: =COUNTIF(总台账!C2:C500,A4) | C4: =SUMIF(总台账!C2:C500,A4,总台账!E2:E500)
A5: 捐赠票据 | B5: =COUNTIF(总台账!C2:C500,A5) | C5: =SUMIF(总台账!C2:C500,A5,总台账!E2:E500)
A6: 差旅-火车 | B6: =COUNTIF(总台账!C2:C500,A6) | C6: =SUMIF(总台账!C2:C500,A6,总台账!E2:E500)
A7: 差旅-飞机 | B7: =COUNTIF(总台账!C2:C500,A7) | C7: =SUMIF(总台账!C2:C500,A7,总台账!E2:E500)
A8: 差旅-出租 | B8: =COUNTIF(总台账!C2:C500,A8) | C8: =SUMIF(总台账!C2:C500,A8,总台账!E2:E500)
A9: 差旅-住宿 | B9: =COUNTIF(总台账!C2:C500,A9) | C9: =SUMIF(总台账!C2:C500,A9,总台账!E2:E500)
A10: 餐饮 | B10: =COUNTIF(总台账!C2:C500,A10) | C10: =SUMIF(总台账!C2:C500,A10,总台账!E2:E500)
A11: 其他 | B11: =COUNTIF(总台账!C2:C500,A11) | C11: =SUMIF(总台账!C2:C500,A11,总台账!E2:E500)
A13: 合计 | B13: =SUM(B2:B11) | C13: =SUM(C2:C11)

Sheet 月度统计
A1: 月份 | B1: 张数 | C1: 金额合计(元)
A2: 2026-01 | B2: =SUMPRODUCT((TEXT(总台账!B2:B500,"YYYY-MM")=A2)*1) | C2: =SUMPRODUCT((TEXT(总台账!B2:B500,"YYYY-MM")=A2)*总台账!E2:E500)
A3: 2026-02 | B3: =SUMPRODUCT((TEXT(总台账!B2:B500,"YYYY-MM")=A3)*1) | C3: =SUMPRODUCT((TEXT(总台账!B2:B500,"YYYY-MM")=A3)*总台账!E2:E500)
A4: 2026-03 | B4: =SUMPRODUCT((TEXT(总台账!B2:B500,"YYYY-MM")=A4)*1) | C4: =SUMPRODUCT((TEXT(总台账!B2:B500,"YYYY-MM")=A4)*总台账!E2:E500)
A5: 2026-04 | B5: =SUMPRODUCT((TEXT(总台账!B2:B500,"YYYY-MM")=A5)*1) | C5: =SUMPRODUCT((TEXT(总台账!B2:B500,"YYYY-MM")=A5)*总台账!E2:E500)
A6: 2026-05 | B6: =SUMPRODUCT((TEXT(总台账!B2:B500,"YYYY-MM")=A6)*1) | C6: =SUMPRODUCT((TEXT(总台账!B2:B500,"YYYY-MM")=A6)*总台账!E2:E500)
A7: 2026-06 | B7: =SUMPRODUCT((TEXT(总台账!B2:B500,"YYYY-MM")=A7)*1) | C7: =SUMPRODUCT((TEXT(总台账!B2:B500,"YYYY-MM")=A7)*总台账!E2:E500)
A8: 2026-07 | B8: =SUMPRODUCT((TEXT(总台账!B2:B500,"YYYY-MM")=A8)*1) | C8: =SUMPRODUCT((TEXT(总台账!B2:B500,"YYYY-MM")=A8)*总台账!E2:E500)
A9: 2026-08 | B9: =SUMPRODUCT((TEXT(总台账!B2:B500,"YYYY-MM")=A9)*1) | C9: =SUMPRODUCT((TEXT(总台账!B2:B500,"YYYY-MM")=A9)*总台账!E2:E500)
A10: 2026-09 | B10: =SUMPRODUCT((TEXT(总台账!B2:B500,"YYYY-MM")=A10)*1) | C10: =SUMPRODUCT((TEXT(总台账!B2:B500,"YYYY-MM")=A10)*总台账!E2:E500)
A11: 2026-10 | B11: =SUMPRODUCT((TEXT(总台账!B2:B500,"YYYY-MM")=A11)*1) | C11: =SUMPRODUCT((TEXT(总台账!B2:B500,"YYYY-MM")=A11)*总台账!E2:E500)
A12: 2026-11 | B12: =SUMPRODUCT((TEXT(总台账!B2:B500,"YYYY-MM")=A12)*1) | C12: =SUMPRODUCT((TEXT(总台账!B2:B500,"YYYY-MM")=A12)*总台账!E2:E500)
A13: 2026-12 | B13: =SUMPRODUCT((TEXT(总台账!B2:B500,"YYYY-MM")=A13)*1) | C13: =SUMPRODUCT((TEXT(总台账!B2:B500,"YYYY-MM")=A13)*总台账!E2:E500)

Sheet 需复核清单
A1: 【需复核清单 · 自动生成】
A3: 本 Sheet 实时从「总台账」同步以下情况的行，请逐条处理：
A5: ◼ 复核状态 = 未复核 的所有行
A6: ◼ 核心字段缺失（日期 / 金额 / 销方 任一为空）
A7: ◼ 金额 > 3000 且 支付方式 = 现金
A8: ◼ 类别 = 其他
A10: 【处理建议】
A11: 1. 翻到「总台账」对应编号，找原票逐项核对
A12: 2. 补全字段后，把「复核状态」改成「已复核」
A13: 3. 归档装订完成后，改成「已归档」
A15: 【查询公式】
A16: 以下公式可辅助定位问题行（手动复制到其他 Sheet 使用）：
... A22: ▼ 实时计数 ▼
A23: 未复核行数： | B23: =COUNTIF(总台账!I2:I500,"未复核")
A24: 现金大额行数： | B24: =SUMPRODUCT((总台账!F2:F500="现金")*(总台账!E2:E500>3000))
A25: 类别=其他 行数： | B25: =COUNTIF(总台账!C2:C500,"其他")

Sheet 统计信息
A1: 统计项 | B1: 数值
A2: 总票据张数 | B2: =COUNTA(总台账!A2:A500)-3
A3: 总金额（已复核+已归档） | B3: =总台账!E502
A4: 未复核张数 | B4: =COUNTIF(总台账!I2:I500,"未复核")
A5: 需重开张数 | B5: =COUNTIF(总台账!I2:I500,"需重开")
A6: 需补充材料张数 | B6: =COUNTIF(总台账!I2:I500,"需补充材料")
A7: 已复核张数 | B7: =COUNTIF(总台账!I2:I500,"已复核")
A8: 已归档张数 | B8: =COUNTIF(总台账!I2:I500,"已归档")
A9: 现金支付大额预警 | B9: =SUMPRODUCT((总台账!F2:F500="现金")*(总台账!E2:E500>3000))
